<?xml version="1.0" encoding="UTF-8"?><manifest xmlns="http://www.imsglobal.org/xsd/imscp_v1p1" xmlns:xsi="http://www.w3.org/2001/XMLSchema-instance" xmlns:adlcp="http://www.adlnet.org/xsd/adlcp_v1p3" xsi:schemaLocation="http://www.imsglobal.org/xsd/imscp_v1p1 imscp_v1p1.xsd http://www.adlnet.org/xsd/adlcp_v1p3 adlcp_v1p3.xsd" version="1.0" identifier="MVP_Package">
<metadata>
<schema>ADL SCORM</schema>
<schemaversion>2004 3rd Edition</schemaversion>
</metadata>
<organizations default="defaultorg">
<organization structure="hierarchical" identifier="defaultorg">
<title>Jagiellonian University Medical College</title>
<item identifierref="launch-item" identifier="organization-item1">
<title>BIT Pathways</title>
</item>
<metadata>
<adlcp:location>metadata.xml</adlcp:location>
</metadata>
</organization>
</organizations>
<resources>
<resource href="activitymodel.xsd" adlcp:scormType="asset" type="webcontent" identifier="resource-activitymodel.xsd">
<file href="activitymodel.xsd"/>
</resource>
<resource href="adlcp_v1p3.xsd" adlcp:scormType="asset" type="webcontent" identifier="resource-adlcp_v1p3.xsd">
<file href="adlcp_v1p3.xsd"/>
</resource>
<resource href="dataavailabilitymodel.xsd" adlcp:scormType="asset" type="webcontent" identifier="resource-dataavailabilitymodel.xsd">
<file href="dataavailabilitymodel.xsd"/>
</resource>
<resource href="imscp_v1p1.xsd" adlcp:scormType="asset" type="webcontent" identifier="resource-imscp_v1p1.xsd">
<file href="imscp_v1p1.xsd"/>
</resource>
<resource href="lom/address/address.xsd" adlcp:scormType="asset" type="webcontent" identifier="resource-lom-address-address.xsd">
<file href="lom/address/address.xsd"/>
</resource>
<resource href="lom/common/anyElement.xsd" adlcp:scormType="asset" type="webcontent" identifier="resource-lom-common-anyElement.xsd">
<file href="lom/common/anyElement.xsd"/>
</resource>
<resource href="lom/common/dataTypes.xsd" adlcp:scormType="asset" type="webcontent" identifier="resource-lom-common-dataTypes.xsd">
<file href="lom/common/dataTypes.xsd"/>
</resource>
<resource href="lom/common/elementNames.xsd" adlcp:scormType="asset" type="webcontent" identifier="resource-lom-common-elementNames.xsd">
<file href="lom/common/elementNames.xsd"/>
</resource>
<resource href="lom/common/elementTypes.xsd" adlcp:scormType="asset" type="webcontent" identifier="resource-lom-common-elementTypes.xsd">
<file href="lom/common/elementTypes.xsd"/>
</resource>
<resource href="lom/common/rootElement.xsd" adlcp:scormType="asset" type="webcontent" identifier="resource-lom-common-rootElement.xsd">
<file href="lom/common/rootElement.xsd"/>
</resource>
<resource href="lom/common/vocabTypes.xsd" adlcp:scormType="asset" type="webcontent" identifier="resource-lom-common-vocabTypes.xsd">
<file href="lom/common/vocabTypes.xsd"/>
</resource>
<resource href="lom/common/vocabValues.xsd" adlcp:scormType="asset" type="webcontent" identifier="resource-lom-common-vocabValues.xsd">
<file href="lom/common/vocabValues.xsd"/>
</resource>
<resource href="lom/extend/custom.xsd" adlcp:scormType="asset" type="webcontent" identifier="resource-lom-extend-custom.xsd">
<file href="lom/extend/custom.xsd"/>
</resource>
<resource href="lom/healthcare/healthcaremetadata.xsd" adlcp:scormType="asset" type="webcontent" identifier="resource-lom-healthcare-healthcaremetadata.xsd">
<file href="lom/healthcare/healthcaremetadata.xsd"/>
</resource>
<resource href="lom/healthcare/healthcarevocabularies.xsd" adlcp:scormType="asset" type="webcontent" identifier="resource-lom-healthcare-healthcarevocabularies.xsd">
<file href="lom/healthcare/healthcarevocabularies.xsd"/>
</resource>
<resource href="lom/healthcarelom.xsd" adlcp:scormType="asset" type="webcontent" identifier="resource-lom-healthcarelom.xsd">
<file href="lom/healthcarelom.xsd"/>
</resource>
<resource href="lom/unique/strict.xsd" adlcp:scormType="asset" type="webcontent" identifier="resource-lom-unique-strict.xsd">
<file href="lom/unique/strict.xsd"/>
</resource>
<resource href="lom/vocab/custom.xsd" adlcp:scormType="asset" type="webcontent" identifier="resource-lom-vocab-custom.xsd">
<file href="lom/vocab/custom.xsd"/>
</resource>
<resource href="scripts/SCOFunctions.js" adlcp:scormType="asset" type="webcontent" identifier="resource-scripts-SCOFunctions.js">
<file href="scripts/SCOFunctions.js"/>
</resource>
<resource href="virtualpatientdata.xsd" adlcp:scormType="asset" type="webcontent" identifier="resource-virtualpatientdata.xsd">
<file href="virtualpatientdata.xsd"/>
</resource>
<resource href="vpd-xhtml.xsd" adlcp:scormType="asset" type="webcontent" identifier="resource-vpd-xhtml.xsd">
<file href="vpd-xhtml.xsd"/>
</resource>
<resource href="xhtml/xframes-1.xsd" adlcp:scormType="asset" type="webcontent" identifier="resource-xhtml-xframes-1.xsd">
<file href="xhtml/xframes-1.xsd"/>
</resource>
<resource href="xhtml/xhtml-access-1.xsd" adlcp:scormType="asset" type="webcontent" identifier="resource-xhtml-xhtml-access-1.xsd">
<file href="xhtml/xhtml-access-1.xsd"/>
</resource>
<resource href="xhtml/xhtml-applet-1.xsd" adlcp:scormType="asset" type="webcontent" identifier="resource-xhtml-xhtml-applet-1.xsd">
<file href="xhtml/xhtml-applet-1.xsd"/>
</resource>
<resource href="xhtml/xhtml-attribs-1.xsd" adlcp:scormType="asset" type="webcontent" identifier="resource-xhtml-xhtml-attribs-1.xsd">
<file href="xhtml/xhtml-attribs-1.xsd"/>
</resource>
<resource href="xhtml/xhtml-base-1.xsd" adlcp:scormType="asset" type="webcontent" identifier="resource-xhtml-xhtml-base-1.xsd">
<file href="xhtml/xhtml-base-1.xsd"/>
</resource>
<resource href="xhtml/xhtml-basic-form-1.xsd" adlcp:scormType="asset" type="webcontent" identifier="resource-xhtml-xhtml-basic-form-1.xsd">
<file href="xhtml/xhtml-basic-form-1.xsd"/>
</resource>
<resource href="xhtml/xhtml-basic-table-1.xsd" adlcp:scormType="asset" type="webcontent" identifier="resource-xhtml-xhtml-basic-table-1.xsd">
<file href="xhtml/xhtml-basic-table-1.xsd"/>
</resource>
<resource href="xhtml/xhtml-basic10-model-1.xsd" adlcp:scormType="asset" type="webcontent" identifier="resource-xhtml-xhtml-basic10-model-1.xsd">
<file href="xhtml/xhtml-basic10-model-1.xsd"/>
</resource>
<resource href="xhtml/xhtml-basic10-module-redefines-1.xsd" adlcp:scormType="asset" type="webcontent" identifier="resource-xhtml-xhtml-basic10-module-redefines-1.xsd">
<file href="xhtml/xhtml-basic10-module-redefines-1.xsd"/>
</resource>
<resource href="xhtml/xhtml-basic10-modules-1.xsd" adlcp:scormType="asset" type="webcontent" identifier="resource-xhtml-xhtml-basic10-modules-1.xsd">
<file href="xhtml/xhtml-basic10-modules-1.xsd"/>
</resource>
<resource href="xhtml/xhtml-basic10.xsd" adlcp:scormType="asset" type="webcontent" identifier="resource-xhtml-xhtml-basic10.xsd">
<file href="xhtml/xhtml-basic10.xsd"/>
</resource>
<resource href="xhtml/xhtml-basic11-model-1.xsd" adlcp:scormType="asset" type="webcontent" identifier="resource-xhtml-xhtml-basic11-model-1.xsd">
<file href="xhtml/xhtml-basic11-model-1.xsd"/>
</resource>
<resource href="xhtml/xhtml-basic11-modules-1.xsd" adlcp:scormType="asset" type="webcontent" identifier="resource-xhtml-xhtml-basic11-modules-1.xsd">
<file href="xhtml/xhtml-basic11-modules-1.xsd"/>
</resource>
<resource href="xhtml/xhtml-basic11.xsd" adlcp:scormType="asset" type="webcontent" identifier="resource-xhtml-xhtml-basic11.xsd">
<file href="xhtml/xhtml-basic11.xsd"/>
</resource>
<resource href="xhtml/xhtml-bdo-1.xsd" adlcp:scormType="asset" type="webcontent" identifier="resource-xhtml-xhtml-bdo-1.xsd">
<file href="xhtml/xhtml-bdo-1.xsd"/>
</resource>
<resource href="xhtml/xhtml-blkphras-1.xsd" adlcp:scormType="asset" type="webcontent" identifier="resource-xhtml-xhtml-blkphras-1.xsd">
<file href="xhtml/xhtml-blkphras-1.xsd"/>
</resource>
<resource href="xhtml/xhtml-blkpres-1.xsd" adlcp:scormType="asset" type="webcontent" identifier="resource-xhtml-xhtml-blkpres-1.xsd">
<file href="xhtml/xhtml-blkpres-1.xsd"/>
</resource>
<resource href="xhtml/xhtml-blkstruct-1.xsd" adlcp:scormType="asset" type="webcontent" identifier="resource-xhtml-xhtml-blkstruct-1.xsd">
<file href="xhtml/xhtml-blkstruct-1.xsd"/>
</resource>
<resource href="xhtml/xhtml-charent-1.xsd" adlcp:scormType="asset" type="webcontent" identifier="resource-xhtml-xhtml-charent-1.xsd">
<file href="xhtml/xhtml-charent-1.xsd"/>
</resource>
<resource href="xhtml/xhtml-copyright-1.xsd" adlcp:scormType="asset" type="webcontent" identifier="resource-xhtml-xhtml-copyright-1.xsd">
<file href="xhtml/xhtml-copyright-1.xsd"/>
</resource>
<resource href="xhtml/xhtml-csismap-1.xsd" adlcp:scormType="asset" type="webcontent" identifier="resource-xhtml-xhtml-csismap-1.xsd">
<file href="xhtml/xhtml-csismap-1.xsd"/>
</resource>
<resource href="xhtml/xhtml-datatypes-1.xsd" adlcp:scormType="asset" type="webcontent" identifier="resource-xhtml-xhtml-datatypes-1.xsd">
<file href="xhtml/xhtml-datatypes-1.xsd"/>
</resource>
<resource href="xhtml/xhtml-edit-1.xsd" adlcp:scormType="asset" type="webcontent" identifier="resource-xhtml-xhtml-edit-1.xsd">
<file href="xhtml/xhtml-edit-1.xsd"/>
</resource>
<resource href="xhtml/xhtml-events-1.xsd" adlcp:scormType="asset" type="webcontent" identifier="resource-xhtml-xhtml-events-1.xsd">
<file href="xhtml/xhtml-events-1.xsd"/>
</resource>
<resource href="xhtml/xhtml-form-1.xsd" adlcp:scormType="asset" type="webcontent" identifier="resource-xhtml-xhtml-form-1.xsd">
<file href="xhtml/xhtml-form-1.xsd"/>
</resource>
<resource href="xhtml/xhtml-frames-1.xsd" adlcp:scormType="asset" type="webcontent" identifier="resource-xhtml-xhtml-frames-1.xsd">
<file href="xhtml/xhtml-frames-1.xsd"/>
</resource>
<resource href="xhtml/xhtml-framework-1.xsd" adlcp:scormType="asset" type="webcontent" identifier="resource-xhtml-xhtml-framework-1.xsd">
<file href="xhtml/xhtml-framework-1.xsd"/>
</resource>
<resource href="xhtml/xhtml-hypertext-1.xsd" adlcp:scormType="asset" type="webcontent" identifier="resource-xhtml-xhtml-hypertext-1.xsd">
<file href="xhtml/xhtml-hypertext-1.xsd"/>
</resource>
<resource href="xhtml/xhtml-iframe-1.xsd" adlcp:scormType="asset" type="webcontent" identifier="resource-xhtml-xhtml-iframe-1.xsd">
<file href="xhtml/xhtml-iframe-1.xsd"/>
</resource>
<resource href="xhtml/xhtml-image-1.xsd" adlcp:scormType="asset" type="webcontent" identifier="resource-xhtml-xhtml-image-1.xsd">
<file href="xhtml/xhtml-image-1.xsd"/>
</resource>
<resource href="xhtml/xhtml-inlphras-1.xsd" adlcp:scormType="asset" type="webcontent" identifier="resource-xhtml-xhtml-inlphras-1.xsd">
<file href="xhtml/xhtml-inlphras-1.xsd"/>
</resource>
<resource href="xhtml/xhtml-inlpres-1.xsd" adlcp:scormType="asset" type="webcontent" identifier="resource-xhtml-xhtml-inlpres-1.xsd">
<file href="xhtml/xhtml-inlpres-1.xsd"/>
</resource>
<resource href="xhtml/xhtml-inlstruct-1.xsd" adlcp:scormType="asset" type="webcontent" identifier="resource-xhtml-xhtml-inlstruct-1.xsd">
<file href="xhtml/xhtml-inlstruct-1.xsd"/>
</resource>
<resource href="xhtml/xhtml-inlstyle-1.xsd" adlcp:scormType="asset" type="webcontent" identifier="resource-xhtml-xhtml-inlstyle-1.xsd">
<file href="xhtml/xhtml-inlstyle-1.xsd"/>
</resource>
<resource href="xhtml/xhtml-inputmode-1.xsd" adlcp:scormType="asset" type="webcontent" identifier="resource-xhtml-xhtml-inputmode-1.xsd">
<file href="xhtml/xhtml-inputmode-1.xsd"/>
</resource>
<resource href="xhtml/xhtml-legacy-1.xsd" adlcp:scormType="asset" type="webcontent" identifier="resource-xhtml-xhtml-legacy-1.xsd">
<file href="xhtml/xhtml-legacy-1.xsd"/>
</resource>
<resource href="xhtml/xhtml-link-1.xsd" adlcp:scormType="asset" type="webcontent" identifier="resource-xhtml-xhtml-link-1.xsd">
<file href="xhtml/xhtml-link-1.xsd"/>
</resource>
<resource href="xhtml/xhtml-list-1.xsd" adlcp:scormType="asset" type="webcontent" identifier="resource-xhtml-xhtml-list-1.xsd">
<file href="xhtml/xhtml-list-1.xsd"/>
</resource>
<resource href="xhtml/xhtml-meta-1.xsd" adlcp:scormType="asset" type="webcontent" identifier="resource-xhtml-xhtml-meta-1.xsd">
<file href="xhtml/xhtml-meta-1.xsd"/>
</resource>
<resource href="xhtml/xhtml-metaAttributes-1.xsd" adlcp:scormType="asset" type="webcontent" identifier="resource-xhtml-xhtml-metaAttributes-1.xsd">
<file href="xhtml/xhtml-metaAttributes-1.xsd"/>
</resource>
<resource href="xhtml/xhtml-misc-1.xsd" adlcp:scormType="asset" type="webcontent" identifier="resource-xhtml-xhtml-misc-1.xsd">
<file href="xhtml/xhtml-misc-1.xsd"/>
</resource>
<resource href="xhtml/xhtml-nameident-1.xsd" adlcp:scormType="asset" type="webcontent" identifier="resource-xhtml-xhtml-nameident-1.xsd">
<file href="xhtml/xhtml-nameident-1.xsd"/>
</resource>
<resource href="xhtml/xhtml-notations-1.xsd" adlcp:scormType="asset" type="webcontent" identifier="resource-xhtml-xhtml-notations-1.xsd">
<file href="xhtml/xhtml-notations-1.xsd"/>
</resource>
<resource href="xhtml/xhtml-object-1.xsd" adlcp:scormType="asset" type="webcontent" identifier="resource-xhtml-xhtml-object-1.xsd">
<file href="xhtml/xhtml-object-1.xsd"/>
</resource>
<resource href="xhtml/xhtml-param-1.xsd" adlcp:scormType="asset" type="webcontent" identifier="resource-xhtml-xhtml-param-1.xsd">
<file href="xhtml/xhtml-param-1.xsd"/>
</resource>
<resource href="xhtml/xhtml-pres-1.xsd" adlcp:scormType="asset" type="webcontent" identifier="resource-xhtml-xhtml-pres-1.xsd">
<file href="xhtml/xhtml-pres-1.xsd"/>
</resource>
<resource href="xhtml/xhtml-print-1.xsd" adlcp:scormType="asset" type="webcontent" identifier="resource-xhtml-xhtml-print-1.xsd">
<file href="xhtml/xhtml-print-1.xsd"/>
</resource>
<resource href="xhtml/xhtml-print-model-1.xsd" adlcp:scormType="asset" type="webcontent" identifier="resource-xhtml-xhtml-print-model-1.xsd">
<file href="xhtml/xhtml-print-model-1.xsd"/>
</resource>
<resource href="xhtml/xhtml-print-modules-1.xsd" adlcp:scormType="asset" type="webcontent" identifier="resource-xhtml-xhtml-print-modules-1.xsd">
<file href="xhtml/xhtml-print-modules-1.xsd"/>
</resource>
<resource href="xhtml/xhtml-rdfa-1.xsd" adlcp:scormType="asset" type="webcontent" identifier="resource-xhtml-xhtml-rdfa-1.xsd">
<file href="xhtml/xhtml-rdfa-1.xsd"/>
</resource>
<resource href="xhtml/xhtml-rdfa-model-1.xsd" adlcp:scormType="asset" type="webcontent" identifier="resource-xhtml-xhtml-rdfa-model-1.xsd">
<file href="xhtml/xhtml-rdfa-model-1.xsd"/>
</resource>
<resource href="xhtml/xhtml-rdfa-modules-1.xsd" adlcp:scormType="asset" type="webcontent" identifier="resource-xhtml-xhtml-rdfa-modules-1.xsd">
<file href="xhtml/xhtml-rdfa-modules-1.xsd"/>
</resource>
<resource href="xhtml/xhtml-ruby-1.xsd" adlcp:scormType="asset" type="webcontent" identifier="resource-xhtml-xhtml-ruby-1.xsd">
<file href="xhtml/xhtml-ruby-1.xsd"/>
</resource>
<resource href="xhtml/xhtml-ruby-basic-1.xsd" adlcp:scormType="asset" type="webcontent" identifier="resource-xhtml-xhtml-ruby-basic-1.xsd">
<file href="xhtml/xhtml-ruby-basic-1.xsd"/>
</resource>
<resource href="xhtml/xhtml-script-1.xsd" adlcp:scormType="asset" type="webcontent" identifier="resource-xhtml-xhtml-script-1.xsd">
<file href="xhtml/xhtml-script-1.xsd"/>
</resource>
<resource href="xhtml/xhtml-ssismap-1.xsd" adlcp:scormType="asset" type="webcontent" identifier="resource-xhtml-xhtml-ssismap-1.xsd">
<file href="xhtml/xhtml-ssismap-1.xsd"/>
</resource>
<resource href="xhtml/xhtml-struct-1.xsd" adlcp:scormType="asset" type="webcontent" identifier="resource-xhtml-xhtml-struct-1.xsd">
<file href="xhtml/xhtml-struct-1.xsd"/>
</resource>
<resource href="xhtml/xhtml-style-1.xsd" adlcp:scormType="asset" type="webcontent" identifier="resource-xhtml-xhtml-style-1.xsd">
<file href="xhtml/xhtml-style-1.xsd"/>
</resource>
<resource href="xhtml/xhtml-table-1.xsd" adlcp:scormType="asset" type="webcontent" identifier="resource-xhtml-xhtml-table-1.xsd">
<file href="xhtml/xhtml-table-1.xsd"/>
</resource>
<resource href="xhtml/xhtml-target-1.xsd" adlcp:scormType="asset" type="webcontent" identifier="resource-xhtml-xhtml-target-1.xsd">
<file href="xhtml/xhtml-target-1.xsd"/>
</resource>
<resource href="xhtml/xhtml-text-1.xsd" adlcp:scormType="asset" type="webcontent" identifier="resource-xhtml-xhtml-text-1.xsd">
<file href="xhtml/xhtml-text-1.xsd"/>
</resource>
<resource href="xhtml/xhtml11-model-1.xsd" adlcp:scormType="asset" type="webcontent" identifier="resource-xhtml-xhtml11-model-1.xsd">
<file href="xhtml/xhtml11-model-1.xsd"/>
</resource>
<resource href="xhtml/xhtml11-module-redefines-1.xsd" adlcp:scormType="asset" type="webcontent" identifier="resource-xhtml-xhtml11-module-redefines-1.xsd">
<file href="xhtml/xhtml11-module-redefines-1.xsd"/>
</resource>
<resource href="xhtml/xhtml11-modules-1.xsd" adlcp:scormType="asset" type="webcontent" identifier="resource-xhtml-xhtml11-modules-1.xsd">
<file href="xhtml/xhtml11-modules-1.xsd"/>
</resource>
<resource href="xhtml/xhtml11.xsd" adlcp:scormType="asset" type="webcontent" identifier="resource-xhtml-xhtml11.xsd">
<file href="xhtml/xhtml11.xsd"/>
</resource>
<resource href="xhtml/xhtml2.xsd" adlcp:scormType="asset" type="webcontent" identifier="resource-xhtml-xhtml2.xsd">
<file href="xhtml/xhtml2.xsd"/>
</resource>
<resource href="xhtml/xml-events-1.xsd" adlcp:scormType="asset" type="webcontent" identifier="resource-xhtml-xml-events-1.xsd">
<file href="xhtml/xml-events-1.xsd"/>
</resource>
<resource href="xhtml/xml-events-2.xsd" adlcp:scormType="asset" type="webcontent" identifier="resource-xhtml-xml-events-2.xsd">
<file href="xhtml/xml-events-2.xsd"/>
</resource>
<resource href="xhtml/xml-events-attribs-1.xsd" adlcp:scormType="asset" type="webcontent" identifier="resource-xhtml-xml-events-attribs-1.xsd">
<file href="xhtml/xml-events-attribs-1.xsd"/>
</resource>
<resource href="xhtml/xml-events-attribs-2.xsd" adlcp:scormType="asset" type="webcontent" identifier="resource-xhtml-xml-events-attribs-2.xsd">
<file href="xhtml/xml-events-attribs-2.xsd"/>
</resource>
<resource href="xhtml/xml-events-copyright-1.xsd" adlcp:scormType="asset" type="webcontent" identifier="resource-xhtml-xml-events-copyright-1.xsd">
<file href="xhtml/xml-events-copyright-1.xsd"/>
</resource>
<resource href="xhtml/xml-events-copyright-2.xsd" adlcp:scormType="asset" type="webcontent" identifier="resource-xhtml-xml-events-copyright-2.xsd">
<file href="xhtml/xml-events-copyright-2.xsd"/>
</resource>
<resource href="xhtml/xml-handlers-1.xsd" adlcp:scormType="asset" type="webcontent" identifier="resource-xhtml-xml-handlers-1.xsd">
<file href="xhtml/xml-handlers-1.xsd"/>
</resource>
<resource href="xhtml/xml-handlers-2.xsd" adlcp:scormType="asset" type="webcontent" identifier="resource-xhtml-xml-handlers-2.xsd">
<file href="xhtml/xml-handlers-2.xsd"/>
</resource>
<resource href="xhtml/xml-script-1.xsd" adlcp:scormType="asset" type="webcontent" identifier="resource-xhtml-xml-script-1.xsd">
<file href="xhtml/xml-script-1.xsd"/>
</resource>
<resource href="xhtml1-strict.xsd" adlcp:scormType="asset" type="webcontent" identifier="resource-xhtml1-strict.xsd">
<file href="xhtml1-strict.xsd"/>
</resource>
<resource href="metadata.xml" adlcp:scormType="asset" type="webcontent" identifier="resource-lom-metadata.xml">
<file href="metadata.xml"/>
</resource>
<resource href="imsmanifest.xml" adlcp:scormType="asset" type="webcontent" identifier="resource-imsmanifest.xml">
<file href="imsmanifest.xml"/>
</resource>
<resource href="virtualpatientdata.xml" adlcp:scormType="asset" type="webcontent" identifier="resource-virtualpatientdata.xml">
<file href="virtualpatientdata.xml"/>
</resource>
<resource href="dataavailabilitymodel.xml" adlcp:scormType="asset" type="webcontent" identifier="resource-dataavailabilitymodel.xml">
<file href="dataavailabilitymodel.xml"/>
</resource>
<resource href="activitymodel.xml" adlcp:scormType="asset" type="webcontent" identifier="resource-activitymodel.xml">
<file href="activitymodel.xml"/>
</resource>
</resources>
</manifest>
